iteration,reward_mean,length_mean,games,loss
500,-1.0,2.0,9,0.028909919783473015
1000,-1.0,2.0,9,0.0260537788271904
